epoch,step,batch_size,flops_batch,flops_epoch_cum,flops_total_cum,wall_time_s
1,1,256,30720,30720,30720,0.000015
1,2,199,23880,54600,54600,0.000003
2,1,256,30720,30720,85320,0.000004
2,2,199,23880,54600,109200,0.000002
3,1,256,30720,30720,139920,0.000003
3,2,199,23880,54600,163800,0.000003
4,1,256,30720,30720,194520,0.000002
4,2,199,23880,54600,218400,0.000002
5,1,256,30720,30720,249120,0.000003
5,2,199,23880,54600,273000,0.000002
